Transaction ID,Date,Description,Amount,Category,Transaction Type
1,2025-01-01,Monthly Salary,90894.09,Salary,Income
2,2025-01-02,Online Course,723.71,Education,Expense
3,2025-01-02,Ola,142.53,Transport,Expense
4,2025-01-02,Auto,136.16,Transport,Expense
5,2025-01-02,Movie,556.04,Entertainment,Expense
6,2025-01-02,Mobile Recharge,459.69,Utilities,Expense
7,2025-01-03,Amazon,272.46,Shopping,Expense
8,2025-01-03,Zomato,185.59,Food,Expense
9,2025-01-03,Metro,20.98,Transport,Expense
10,2025-01-03,Medical Test,768.74,Healthcare,Expense
11,2025-01-03,Metro,85.91,Transport,Expense
12,2025-01-03,Cafe,206.88,Food,Expense
13,2025-01-03,Zomato,417.41,Food,Expense
14,2025-01-03,Restaurant,794.36,Food,Expense
15,2025-01-04,Uber,192.77,Transport,Expense
16,2025-01-04,Electricity Bill,1055.92,Utilities,Expense
17,2025-01-04,Ola,114.3,Transport,Expense
18,2025-01-04,Swiggy,113.98,Food,Expense
19,2025-01-05,Monthly Rent,17944.69,Rent,Expense
20,2025-01-05,Zomato,180.13,Food,Expense
21,2025-01-06,Swiggy,232.8,Food,Expense
22,2025-01-07,Auto,59.79,Transport,Expense
23,2025-01-08,Internet Bill,542.22,Utilities,Expense
24,2025-01-08,Online Course,611.17,Education,Expense
25,2025-01-08,Swiggy,234.68,Food,Expense
26,2025-01-10,Cafe,236.37,Food,Expense
27,2025-01-10,Cafe,191.06,Food,Expense
28,2025-01-10,Zomato,135.31,Food,Expense
29,2025-01-10,Metro,62.86,Transport,Expense
30,2025-01-10,Zomato,144.37,Food,Expense
31,2025-01-10,Swiggy,241.54,Food,Expense
32,2025-01-10,Auto,73.87,Transport,Expense
33,2025-01-11,Mobile Recharge,212.48,Utilities,Expense
34,2025-01-11,Grocery Store,646.75,Food,Expense
35,2025-01-12,Ola,201.23,Transport,Expense
36,2025-01-12,Clothing Store,1703.92,Shopping,Expense
37,2025-01-13,Ola,89.56,Transport,Expense
38,2025-01-13,Online Course,1477.6,Education,Expense
39,2025-01-13,Cafe,137.21,Food,Expense
40,2025-01-13,Cafe,162.33,Food,Expense
41,2025-01-13,Swiggy,331.71,Food,Expense
42,2025-01-15,Clothing Store,866.97,Shopping,Expense
43,2025-01-15,Swiggy,110.26,Food,Expense
44,2025-01-15,Netflix,649.0,Entertainment,Expense
45,2025-01-15,Cafe,105.13,Food,Expense
46,2025-01-16,Restaurant,366.07,Food,Expense
47,2025-01-16,Spotify,165.53,Entertainment,Expense
48,2025-01-16,Clothing Store,2105.61,Shopping,Expense
49,2025-01-17,Grocery Store,1570.95,Food,Expense
50,2025-01-18,Restaurant,706.94,Food,Expense
51,2025-01-18,Metro,88.98,Transport,Expense
52,2025-01-18,Electricity Bill,1314.16,Utilities,Expense
53,2025-01-18,Swiggy,181.43,Food,Expense
54,2025-01-19,Ola,81.63,Transport,Expense
55,2025-01-19,Uber,118.74,Transport,Expense
56,2025-01-19,Spotify,179.76,Entertainment,Expense
57,2025-01-19,,835.87,Education,Expense
58,2025-01-20,Flipkart,571.94,Shopping,Expense
59,2025-01-20,Fuel,457.16,Transport,Expense
60,2025-01-20,Fuel,408.77,Transport,Expense
61,2025-01-20,Ola,211.48,Transport,Expense
62,2025-01-20,Auto,56.22,Transport,Expense
63,2025-01-20,Cafe,169.64,Food,Expense
64,2025-01-20,Auto,165.16,Transport,Expense
65,2025-01-21,Metro,96.01,Transport,Expense
66,2025-01-21,Restaurant,299.88,Food,Expense
67,2025-01-21,Electricity Bill,999.57,Utilities,Expense
68,2025-01-21,Electricity Bill,1217.88,Utilities,Expense
69,2025-01-22,Mobile Recharge,328.93,Utilities,Expense
70,2025-01-22,Grocery Store,647.62,Food,Expense
71,2025-01-23,Cafe,208.39,Food,Expense
72,2025-01-23,Amazon,605.3,Shopping,Expense
73,2025-01-23,Fuel,781.88,Transport,Expense
74,2025-01-23,Fuel,944.81,Transport,Expense
75,2025-01-23,Electricity Bill,1318.7,Utilities,Expense
76,2025-01-23,Clothing Store,1506.73,Shopping,Expense
77,2025-01-23,Zomato,414.62,Food,Expense
78,2025-01-23,Cafe,186.4,Food,Expense
79,2025-01-24,Amazon,1756.99,Shopping,Expense
80,2025-01-24,Swiggy,212.11,Food,Expense
81,2025-01-24,Swiggy,288.92,Food,Expense
82,2025-01-24,Swiggy,439.36,Food,Expense
83,2025-01-25,Mobile Recharge,570.23,Utilities,Expense
84,2025-01-25,Ola,237.9,Transport,Expense
85,2025-01-26,Internet Bill,609.29,Utilities,Expense
86,2025-01-26,Amazon,277.18,Shopping,Expense
87,2025-01-26,Cafe,203.42,Food,Expense
88,2025-01-27,Flipkart,1029.33,Shopping,Expense
89,2025-01-27,Spotify,198.44,Entertainment,Expense
90,2025-01-27,Mobile Recharge,279.64,Utilities,Expense
91,2025-01-27,Swiggy,405.95,Food,Expense
92,2025-01-27,Metro,26.81,Transport,Expense
93,2025-01-28,Cafe,344.98,Food,Expense
94,2025-01-28,Grocery Store,471.13,Food,Expense
95,2025-01-28,Cafe,115.37,Food,Expense
96,2025-01-28,Restaurant,716.28,Food,Expense
97,2025-01-28,Movie,226.36,Entertainment,Expense
98,2025-01-28,Ola,185.82,Transport,Expense
99,2025-01-28,Medical Test,837.43,Healthcare,Expense
100,2025-01-29,Ola,213.09,Transport,Expense
101,2025-01-29,Spotify,173.74,Entertainment,Expense
102,2025-01-29,Flipkart,802.65,Shopping,Expense
103,2025-01-29,Restaurant,382.01,Food,Expense
104,2025-01-29,Amazon,296.98,Shopping,Expense
105,2025-01-30,Auto,98.16,Transport,Expense
106,2025-01-30,Restaurant,402.2,Food,Expense
107,2025-01-30,Flipkart,948.4,Shopping,Expense
108,2025-01-30,Internet Bill,639.17,Utilities,Expense
109,2025-01-30,Restaurant,529.95,Food,Expense
110,2025-01-30,Zomato,381.77,Food,Expense
111,2025-01-30,Movie,425.98,Entertainment,Expense
112,2025-01-31,Fuel,690.1,Transport,Expense
113,2025-01-31,Restaurant,386.1,Food,Expense
114,2025-01-31,Auto,48.53,Transport,Expense
115,2025-02-01,Uber,287.42,Transport,Expense
116,2025-02-01,Uber,286.85,Transport,Expense
117,2025-02-01,Pharmacy,598.16,Healthcare,Expense
118,2025-02-01,Monthly Salary,91165.84,Salary,Income
119,2025-02-01,Grocery Store,1026.38,Food,Expense
120,2025-02-01,Doctor Consultation,654.63,Healthcare,Expense
121,2025-02-01,Restaurant,559.75,Food,Expense
122,2025-02-02,Spotify,155.54,Entertainment,Expense
123,2025-02-02,Clothing Store,767.2,Shopping,Expense
124,2025-02-03,Metro,63.41,Transport,Expense
125,2025-02-03,Myntra,446.83,Shopping,Expense
126,2025-02-04,Grocery Store,1513.95,Food,Expense
127,2025-02-04,Zomato,301.96,Food,Expense
128,2025-02-04,Grocery Store,1600.69,Food,Expense
129,2025-02-05,Monthly Rent,18609.21,Rent,Expense
130,2025-02-05,Swiggy,113.94,Food,Expense
131,2025-02-05,Zomato,370.03,Food,Expense
132,2025-02-05,Restaurant,485.4,Food,Expense
133,2025-02-06,Restaurant,321.73,Food,Expense
134,2025-02-06,Online Course,450.78,Education,Expense
135,2025-02-06,Gaming,587.44,Entertainment,Expense
136,2025-02-06,Doctor Consultation,545.8,Healthcare,Expense
137,2025-02-06,Internet Bill,694.34,Utilities,Expense
138,2025-02-06,Netflix,649.0,Entertainment,Expense
139,2025-02-07,Flipkart,230.88,Shopping,Expense
140,2025-02-08,Restaurant,667.52,Food,Expense
141,2025-02-08,Cafe,349.58,Food,Expense
142,2025-02-08,Movie,410.16,Entertainment,Expense
143,2025-02-08,Metro,99.01,Transport,Expense
144,2025-02-08,Metro,95.76,Transport,Expense
145,2025-02-08,Swiggy,233.0,Food,Expense
146,2025-02-08,Netflix,649.0,Entertainment,Expense
147,2025-02-09,Uber,156.68,Transport,Expense
148,2025-02-09,Swiggy,357.28,Food,Expense
149,2025-02-10,Swiggy,281.81,Food,Expense
150,2025-02-10,Flipkart,553.23,Shopping,Expense
151,2025-02-10,Swiggy,352.31,Food,Expense
152,2025-02-10,Medical Test,535.97,Healthcare,Expense
153,2025-02-10,Uber,180.49,Transport,Expense
154,2025-02-10,Myntra,424.77,Shopping,Expense
155,2025-02-11,Electricity Bill,1180.13,Utilities,Expense
156,2025-02-11,Restaurant,734.77,Food,Expense
157,2025-02-11,Cafe,154.1,Food,Expense
158,2025-02-11,Zomato,275.74,Food,Expense
159,2025-02-11,Myntra,997.98,Shopping,Expense
160,2025-02-13,Amazon,888.97,Shopping,Expense
161,2025-02-13,Pharmacy,780.14,Healthcare,Expense
162,2025-02-13,Cafe,190.33,Food,Expense
163,2025-02-13,Ola,130.1,Transport,Expense
164,2025-02-14,Zomato,360.61,Food,Expense
165,2025-02-14,Zomato,185.07,Food,Expense
166,2025-02-14,Fuel,808.81,Transport,Expense
167,2025-02-14,Grocery Store,1032.87,Food,Expense
168,2025-02-14,Metro,25.41,Transport,Expense
169,2025-02-14,Auto,58.69,Transport,Expense
170,2025-02-14,Movie,519.22,Entertainment,Expense
171,2025-02-15,Electricity Bill,1253.37,Utilities,Expense
172,2025-02-15,Uber,246.15,Transport,Expense
173,2025-02-15,Zomato,164.67,Food,Expense
174,2025-02-15,Grocery Store,1799.39,Food,Expense
175,2025-02-15,Zomato,136.09,Food,Expense
176,2025-02-16,Flipkart,895.7,Shopping,Expense
177,2025-02-16,Grocery Store,1250.23,Food,Expense
178,2025-02-17,Amazon,541.47,Shopping,Expense
179,2025-02-17,Swiggy,351.43,Food,Expense
180,2025-02-17,Cafe,139.08,Food,Expense
181,2025-02-17,Restaurant,761.14,Food,Expense
182,2025-02-17,Auto,93.83,Transport,Expense
183,2025-02-17,Amazon,444.55,Shopping,Expense
184,2025-02-18,Restaurant,299.42,Food,Expense
185,2025-02-18,Internet Bill,549.01,Utilities,Expense
186,2025-02-18,Ola,72.37,Transport,Expense
187,2025-02-18,Restaurant,368.87,Food,Expense
188,2025-02-18,Myntra,1025.29,Shopping,Expense
189,2025-02-18,Auto,168.5,Transport,Expense
190,2025-02-18,Swiggy,414.05,Food,Expense
191,2025-02-18,Electricity Bill,966.31,Utilities,Expense
192,2025-02-19,Ola,173.48,Transport,Expense
193,2025-02-19,Fuel,498.9,Transport,Expense
194,2025-02-20,Grocery Store,1596.25,Food,Expense
195,2025-02-20,Restaurant,612.59,Food,Expense
196,2025-02-21,Cafe,281.65,Food,Expense
197,2025-02-21,Amazon,,Shopping,Expense
198,2025-02-22,Internet Bill,539.88,Utilities,Expense
199,2025-02-22,Swiggy,243.25,Food,Expense
200,2025-02-22,Clothing Store,1521.04,Shopping,Expense
201,2025-02-22,Cafe,312.7,Food,Expense
202,2025-02-22,Swiggy,277.06,Food,Expense
203,2025-02-22,Zomato,306.35,Food,Expense
204,2025-02-22,Flipkart,206.74,Shopping,Expense
205,2025-02-22,Mobile Recharge,511.82,Utilities,Expense
206,2025-02-23,Zomato,295.0,Food,Expense
207,2025-02-23,Spotify,155.07,Entertainment,Expense
208,2025-02-23,Restaurant,607.09,Food,Expense
209,2025-02-23,Grocery Store,1122.65,Food,Expense
210,2025-02-23,Restaurant,614.95,Food,Expense
211,2025-02-24,Ola,97.14,Transport,Expense
212,2025-02-25,Cafe,188.12,Food,Expense
213,2025-02-25,Spotify,157.79,Entertainment,Expense
214,2025-02-25,Grocery Store,771.05,Food,Expense
215,2025-02-25,Restaurant,539.08,Food,Expense
216,2025-02-26,Metro,78.2,Transport,Expense
217,2025-02-26,Auto,178.21,Transport,Expense
218,2025-02-26,Amazon,1682.6,Shopping,Expense
219,2025-02-26,Amazon,817.5,Shopping,Expense
220,2025-02-26,Cafe,102.13,Food,Expense
221,2025-02-26,Myntra,625.63,Shopping,Expense
222,2025-02-27,Spotify,164.06,Entertainment,Expense
223,2025-02-27,Grocery Store,770.54,Food,Expense
224,2025-02-27,Gaming,537.88,Entertainment,Expense
225,2025-02-28,Cafe,99.17,Food,Expense
226,2025-02-28,Metro,82.01,Transport,Expense
227,2025-02-28,Swiggy,290.96,Food,Expense
228,2025-02-28,Cafe,323.78,Food,Expense
229,2025-02-28,Grocery Store,1222.38,Food,Expense
230,2025-02-28,Grocery Store,1272.43,Food,Expense
231,2025-02-28,Grocery Store,1568.65,Food,Expense
232,2025-03-01,Monthly Salary,89578.52,Salary,Income
233,2025-03-01,Grocery Store,1091.57,Food,Expense
234,2025-03-01,Clothing Store,1783.48,Shopping,Expense
235,2025-03-02,Fuel,386.52,Transport,Expense
236,2025-03-02,Zomato,206.53,Food,Expense
237,2025-03-02,Zomato,103.39,Food,Expense
238,2025-03-03,Netflix,649.0,Entertainment,Expense
239,2025-03-03,Certification,2237.42,Education,Expense
240,2025-03-03,Flipkart,847.89,Shopping,Expense
241,2025-03-03,Fuel,758.18,Transport,Expense
242,2025-03-03,Flipkart,1239.43,Shopping,Expense
243,2025-03-03,Ola,157.3,Transport,Expense
244,2025-03-04,Grocery Store,718.67,Food,Expense
245,2025-03-04,Myntra,610.35,Shopping,Expense
246,2025-03-04,Ola,168.46,Transport,Expense
247,2025-03-04,Grocery Store,563.54,Food,Expense
248,2025-03-05,Fuel,767.3,Transport,Expense
249,2025-03-05,Books,351.23,Education,Expense
250,2025-03-05,Doctor Consultation,364.17,Healthcare,Expense
251,2025-03-05,Monthly Rent,17906.35,Rent,Expense
252,2025-03-06,Grocery Store,1251.11,Food,Expense
253,2025-03-06,Clothing Store,1312.82,Shopping,Expense
254,2025-03-06,Flipkart,684.21,Shopping,Expense
255,2025-03-07,Amazon,572.5,Shopping,Expense
256,2025-03-07,Flipkart,524.58,Shopping,Expense
257,2025-03-07,Clothing Store,1719.28,Shopping,Expense
258,2025-03-08,Flipkart,1285.27,Shopping,Expense
259,2025-03-08,Cafe,243.66,Food,Expense
260,2025-03-09,Metro,32.93,Transport,Expense
261,2025-03-09,Fuel,379.06,Transport,Expense
262,2025-03-09,Amazon,710.59,Shopping,Expense
263,2025-03-09,Uber,134.3,Transport,Expense
264,2025-03-09,Uber,259.53,Transport,Expense
265,2025-03-09,Zomato,170.73,Food,Expense
266,2025-03-10,Amazon,558.03,Shopping,Expense
267,2025-03-10,Electricity Bill,1679.27,Utilities,Expense
268,2025-03-10,Swiggy,282.95,Food,Expense
269,2025-03-10,Ola,66.86,Transport,Expense
270,2025-03-10,Movie,412.34,Entertainment,Expense
271,2025-03-11,Zomato,359.85,Food,Expense
272,2025-03-11,Grocery Store,838.88,Food,Expense
273,2025-03-11,Ola,76.42,Transport,Expense
274,2025-03-11,Restaurant,382.17,Food,Expense
275,2025-03-11,Restaurant,463.99,Food,Expense
276,2025-03-11,Swiggy,418.53,Food,Expense
277,2025-03-11,Internet Bill,609.13,Utilities,Expense
278,2025-03-12,Online Course,410.51,Education,Expense
279,2025-03-12,Clothing Store,2128.24,Shopping,Expense
280,2025-03-12,Internet Bill,809.07,Utilities,Expense
281,2025-03-12,Restaurant,685.82,Food,Expense
282,2025-03-12,Grocery Store,798.33,Food,Expense
283,2025-03-12,Internet Bill,569.06,Utilities,Expense
284,2025-03-13,Cafe,144.61,Food,Expense
285,2025-03-13,Electricity Bill,1441.18,Utilities,Expense
286,2025-03-13,Flipkart,627.26,Shopping,Expense
287,2025-03-13,Auto,81.85,Transport,Expense
288,2025-03-13,Ola,267.02,Transport,Expense
289,2025-03-13,Auto,74.88,Transport,Expense
290,2025-03-14,Ola,120.64,Transport,Expense
291,2025-03-14,Ola,78.5,Transport,Expense
292,2025-03-14,Spotify,189.27,Entertainment,Expense
293,2025-03-14,Cafe,225.52,Food,Expense
294,2025-03-14,Myntra,783.18,Shopping,Expense
295,2025-03-14,Zomato,186.86,Food,Expense
296,2025-03-14,Amazon,1144.79,Shopping,Expense
297,2025-03-14,Ola,61.64,Transport,Expense
298,2025-03-15,Swiggy,377.42,Food,Expense
299,2025-03-15,Flipkart,1318.18,Shopping,Expense
300,2025-03-15,Movie,584.22,Entertainment,Expense
301,2025-03-15,Fuel,717.5,Transport,Expense
302,2025-03-15,Restaurant,545.97,Food,Expense
303,2025-03-16,Netflix,649.0,Entertainment,Expense
304,2025-03-16,Zomato,315.18,Food,Expense
305,2025-03-16,Restaurant,872.3,Food,Expense
306,2025-03-17,Zomato,169.97,Food,Expense
307,2025-03-17,Clothing Store,1984.24,Shopping,Expense
308,2025-03-17,Swiggy,310.84,Food,Expense
309,2025-03-17,Zomato,246.85,Food,Expense
310,2025-03-17,Cafe,217.23,Food,Expense
311,2025-03-17,Flipkart,612.75,Shopping,Expense
312,2025-03-17,Grocery Store,407.08,Food,Expense
313,2025-03-17,Myntra,1420.93,,Expense
314,2025-03-17,Certification,1351.44,Education,Expense
315,2025-03-18,Restaurant,655.81,Food,Expense
316,2025-03-18,Swiggy,444.38,Food,Expense
317,2025-03-18,Zomato,266.55,Food,Expense
318,2025-03-18,Netflix,649.0,Entertainment,Expense
319,2025-03-19,Cafe,237.32,Food,Expense
320,2025-03-19,Auto,113.89,Transport,Expense
321,2025-03-19,Uber,102.39,Transport,Expense
322,2025-03-19,Zomato,218.7,Food,Expense
323,2025-03-20,Zomato,268.97,Food,Expense
324,2025-03-20,Swiggy,219.67,Food,Expense
325,2025-03-20,Amazon,337.13,Shopping,Expense
326,2025-03-20,Ola,158.49,Transport,Expense
327,2025-03-21,Myntra,296.15,Shopping,Expense
328,2025-03-21,Restaurant,301.36,Food,Expense
329,2025-03-21,Metro,84.62,Transport,Expense
330,2025-03-22,Cafe,136.87,Food,Expense
331,2025-03-22,Auto,75.51,Transport,Expense
332,2025-03-22,Mobile Recharge,239.61,Utilities,Expense
333,2025-03-22,Electricity Bill,1664.61,Utilities,Expense
334,2025-03-22,Zomato,187.05,Food,Expense
335,2025-03-23,Restaurant,756.79,Food,Expense
336,2025-03-23,Restaurant,754.94,Food,Expense
337,2025-03-23,Zomato,412.99,Food,Expense
338,2025-03-23,Cafe,100.27,Food,Expense
339,2025-03-24,Cafe,188.91,Food,Expense
340,2025-03-24,Myntra,785.09,Shopping,Expense
341,2025-03-24,Gaming,537.67,Entertainment,Expense
342,2025-03-24,Clothing Store,900.17,Shopping,Expense
343,2025-03-25,Certification,1351.23,Education,Expense
344,2025-03-25,Cafe,119.78,Food,Expense
345,2025-03-25,Auto,168.59,Transport,Expense
346,2025-03-26,Electricity Bill,1657.11,Utilities,Expense
347,2025-03-26,Pharmacy,505.08,Healthcare,Expense
348,2025-03-27,Grocery Store,697.8,Food,Expense
349,2025-03-28,Uber,246.67,Transport,Expense
350,2025-03-29,Restaurant,438.07,Food,Expense
351,2025-03-29,Flipkart,380.49,Shopping,Expense
352,2025-03-29,Ola,177.5,Transport,Expense
353,2025-03-29,Certification,2607.48,Education,Expense
354,2025-03-30,Grocery Store,1201.26,Food,Expense
355,2025-03-30,Cafe,320.91,Food,Expense
356,2025-03-30,Electricity Bill,1531.99,Utilities,Expense
357,2025-03-31,Swiggy,196.24,Food,Expense
358,2025-03-31,Grocery Store,1786.48,Food,Expense
359,2025-03-31,Auto,87.93,Transport,Expense
360,2025-04-01,Fuel,941.25,Transport,Expense
361,2025-04-01,Grocery Store,1581.9,Food,Expense
362,2025-04-01,Monthly Salary,92842.58,Salary,Income
363,2025-04-01,Zomato,146.13,Food,Expense
364,2025-04-01,Fuel,307.5,Transport,Expense
365,2025-04-01,Clothing Store,801.83,Shopping,Expense
366,2025-04-02,Flipkart,1149.64,Shopping,Expense
367,2025-04-02,Doctor Consultation,504.01,Healthcare,Expense
368,2025-04-02,Grocery Store,404.41,Food,Expense
369,2025-04-02,Electricity Bill,979.36,Utilities,Expense
370,2025-04-02,Auto,123.97,Transport,Expense
371,2025-04-02,Electricity Bill,1797.17,Utilities,Expense
372,2025-04-03,Zomato,283.53,Food,Expense
373,2025-04-03,Metro,37.49,Transport,Expense
374,2025-04-03,Auto,132.32,Transport,Expense
375,2025-04-04,Zomato,313.32,Food,Expense
376,2025-04-04,Online Course,1415.66,Education,Expense
377,2025-04-04,Metro,28.21,Transport,Expense
378,2025-04-04,Amazon,1562.22,Shopping,Expense
379,2025-04-04,Doctor Consultation,963.37,Healthcare,Expense
380,2025-04-04,Electricity Bill,1508.59,Utilities,Expense
381,2025-04-04,Spotify,185.06,Entertainment,Expense
382,2025-04-04,Swiggy,436.15,Food,Expense
383,2025-04-04,Fuel,719.55,Transport,Expense
384,2025-04-04,Metro,68.91,Transport,Expense
385,2025-04-05,Monthly Rent,18306.97,Rent,Expense
386,2025-04-06,Restaurant,376.31,Food,Expense
387,2025-04-06,Auto,62.31,Transport,Expense
388,2025-04-07,Metro,78.59,Transport,Expense
389,2025-04-07,Restaurant,764.0,Food,Expense
390,2025-04-07,Zomato,336.32,Food,Expense
391,2025-04-07,Ola,124.66,Transport,Expense
392,2025-04-08,Spotify,172.97,Entertainment,Expense
393,2025-04-08,Cafe,198.02,Food,Expense
394,2025-04-08,Zomato,302.3,Food,Expense
395,2025-04-08,Grocery Store,328.69,Food,Expense
396,2025-04-08,Swiggy,109.17,Food,Expense
397,2025-04-09,Pharmacy,622.82,Healthcare,Expense
398,2025-04-09,Ola,161.25,Transport,Expense
399,2025-04-09,Ola,210.78,Transport,Expense
400,2025-04-10,Grocery Store,417.55,Food,Expense
401,2025-04-10,Doctor Consultation,690.66,Healthcare,Expense
402,2025-04-10,Cafe,166.17,Food,Expense
403,2025-04-11,Swiggy,444.21,Food,Expense
404,2025-04-11,Zomato,262.71,Food,Expense
405,2025-04-11,Fuel,702.43,Transport,Expense
406,2025-04-11,Fuel,670.89,Transport,Expense
407,2025-04-11,Cafe,345.8,Food,Expense
408,2025-04-12,Zomato,354.6,Food,Expense
409,2025-04-13,Swiggy,135.67,Food,Expense
410,2025-04-13,Fuel,692.48,Transport,Expense
411,2025-04-14,Cafe,321.07,Food,Expense
412,2025-04-14,Internet Bill,873.35,Utilities,Expense
413,2025-04-14,Movie,221.23,Entertainment,Expense
414,2025-04-14,Spotify,150.65,Entertainment,Expense
415,2025-04-14,Swiggy,405.46,Food,Expense
416,2025-04-15,Internet Bill,702.4,Utilities,Expense
417,2025-04-15,Movie,486.78,Entertainment,Expense
418,2025-04-15,Ola,99.49,Transport,Expense
419,2025-04-15,Cafe,109.42,Food,Expense
420,2025-04-16,Swiggy,293.23,Food,Expense
421,2025-04-16,Clothing Store,829.63,Shopping,Expense
422,2025-04-16,Swiggy,209.4,Food,Expense
423,2025-04-16,Pharmacy,475.47,Healthcare,Expense
424,2025-04-17,Metro,58.09,Transport,Expense
425,2025-04-17,Restaurant,885.09,Food,Expense
426,2025-04-17,Fuel,752.59,Transport,Expense
427,2025-04-17,Swiggy,392.72,Food,Expense
428,2025-04-18,Amazon,948.89,Shopping,Expense
429,2025-04-18,Swiggy,119.27,Food,Expense
430,2025-04-18,Metro,72.83,Transport,Expense
431,2025-04-18,Myntra,629.78,Shopping,Expense
432,2025-04-19,Metro,49.21,Transport,Expense
433,2025-04-19,Metro,86.5,Transport,Expense
434,2025-04-19,Amazon,765.89,Shopping,Expense
435,2025-04-19,Auto,124.93,Transport,Expense
436,2025-04-20,Internet Bill,796.38,Utilities,Expense
437,2025-04-20,Movie,315.78,Entertainment,Expense
438,2025-04-20,Auto,175.95,Transport,Expense
439,2025-04-21,Clothing Store,1049.44,Shopping,Expense
440,2025-04-21,Ola,280.77,Transport,Expense
441,2025-04-21,Zomato,302.07,Food,Expense
442,2025-04-22,Clothing Store,1704.25,Shopping,Expense
443,2025-04-22,Doctor Consultation,371.55,Healthcare,Expense
444,2025-04-22,Spotify,165.43,Entertainment,Expense
445,2025-04-22,Ola,159.32,Transport,Expense
446,2025-04-22,Fuel,907.11,Transport,Expense
447,2025-04-23,Amazon,1040.81,Shopping,Expense
448,2025-04-23,Metro,81.35,Transport,Expense
449,2025-04-23,Medical Test,1142.7,Healthcare,Expense
450,2025-04-24,Books,583.1,Education,Expense
451,2025-04-24,Grocery Store,1237.98,Food,Expense
452,2025-04-25,Uber,63.14,Transport,Expense
453,2025-04-25,Myntra,559.68,Shopping,Expense
454,2025-04-25,Flipkart,270.39,Shopping,Expense
455,2025-04-25,Restaurant,264.11,Food,Expense
456,2025-04-25,Pharmacy,609.07,Healthcare,Expense
457,2025-04-25,Swiggy,126.73,Food,Expense
458,2025-04-25,Myntra,1378.48,Shopping,Expense
459,2025-04-25,Swiggy,267.36,Food,Expense
460,2025-04-26,Flipkart,474.55,Shopping,Expense
461,2025-04-26,Cafe,149.67,Food,Expense
462,2025-04-26,Fuel,582.29,Transport,Expense
463,2025-04-26,Mobile Recharge,493.29,Utilities,Expense
464,2025-04-27,Doctor Consultation,839.82,Healthcare,Expense
465,2025-04-27,Swiggy,382.02,Food,Expense
466,2025-04-27,Books,542.23,Education,Expense
467,2025-04-27,Zomato,328.81,Food,Expense
468,2025-04-27,Zomato,423.9,Food,Expense
469,2025-04-28,Amazon,1214.22,Shopping,Expense
470,2025-04-29,Metro,37.52,Transport,Expense
471,2025-04-29,Gaming,771.04,Entertainment,Expense
472,2025-04-30,Ola,224.97,Transport,Expense
473,2025-04-30,Swiggy,347.25,Food,Expense
474,2025-04-30,Ola,106.35,Transport,Expense
475,2025-05-01,Restaurant,351.39,Food,Expense
476,2025-05-01,Cafe,292.91,Food,Expense
477,2025-05-01,Monthly Salary,89154.95,Salary,Income
478,2025-05-02,Fuel,437.24,Transport,Expense
479,2025-05-02,Zomato,358.78,Food,Expense
480,2025-05-02,Grocery Store,1501.89,Food,Expense
481,2025-05-02,Cafe,146.48,Food,Expense
482,2025-05-02,Flipkart,1248.53,Shopping,Expense
483,2025-05-03,Cafe,266.07,Food,Expense
484,2025-05-04,Swiggy,230.66,Food,Expense
485,2025-05-04,Zomato,297.39,Food,Expense
486,2025-05-04,Grocery Store,1655.96,Food,Expense
487,2025-05-05,Ola,219.45,Transport,Expense
488,2025-05-05,Myntra,782.63,Shopping,Expense
489,2025-05-05,Monthly Rent,18217.02,Rent,Expense
490,2025-05-05,Electricity Bill,885.65,Utilities,Expense
491,2025-05-05,Fuel,773.92,Transport,Expense
492,2025-05-05,Cafe,148.15,Food,Expense
493,2025-05-06,Medical Test,1639.92,Healthcare,Expense
494,2025-05-06,Cafe,179.64,Food,Expense
495,2025-05-06,Zomato,412.43,Food,Expense
496,2025-05-06,Auto,62.42,Transport,Expense
497,2025-05-07,Grocery Store,704.92,Food,Expense
498,2025-05-07,Netflix,649.0,Entertainment,Expense
499,2025-05-07,Auto,135.45,Transport,Expense
500,2025-05-08,Ola,126.16,Transport,Expense
501,2025-05-08,Zomato,317.47,Food,Expense
502,2025-05-08,Myntra,1014.42,Shopping,Expense
503,2025-05-08,Movie,506.33,Entertainment,Expense
504,2025-05-09,Pharmacy,614.97,Healthcare,Expense
505,2025-05-09,Zomato,233.89,Food,Expense
506,2025-05-09,Metro,41.7,Transport,Expense
507,2025-05-09,Fuel,404.06,Transport,Expense
508,2025-05-09,Grocery Store,1542.64,Food,Expense
509,2025-05-09,Clothing Store,699.41,Shopping,Expense
510,2025-05-10,Swiggy,210.44,Food,Expense
511,2025-05-10,Internet Bill,782.65,Utilities,Expense
512,2025-05-10,Auto,155.03,Transport,Expense
513,2025-05-10,Electricity Bill,892.3,Utilities,Expense
514,2025-05-10,Swiggy,436.67,Food,Expense
515,2025-05-11,Ola,109.32,Transport,Expense
516,2025-05-12,Movie,320.11,Entertainment,Expense
517,2025-05-12,Netflix,649.0,Entertainment,Expense
518,2025-05-14,Zomato,130.46,Food,Expense
519,2025-05-14,Swiggy,336.92,Food,Expense
520,2025-05-14,Electricity Bill,821.8,Utilities,Expense
521,2025-05-14,Cafe,269.32,Food,Expense
522,2025-05-14,Grocery Store,1245.33,Food,Expense
523,2025-05-15,Cafe,108.75,Food,Expense
524,2025-05-15,Flipkart,1495.27,Shopping,Expense
525,2025-05-15,Swiggy,259.14,Food,Expense
526,2025-05-16,Zomato,313.16,Food,Expense
527,2025-05-17,Grocery Store,1158.03,Food,Expense
528,2025-05-17,Cafe,308.42,Food,Expense
529,2025-05-17,Zomato,334.0,Food,Expense
530,2025-05-17,Grocery Store,1274.75,Food,Expense
531,2025-05-17,Cafe,197.33,Food,Expense
532,2025-05-17,Zomato,222.67,Food,Expense
533,2025-05-17,Medical Test,1208.69,Healthcare,Expense
534,2025-05-18,Uber,260.27,Transport,Expense
535,2025-05-18,Medical Test,1779.68,Healthcare,Expense
536,2025-05-19,Electricity Bill,1137.87,Utilities,Expense
537,2025-05-20,Auto,148.45,Transport,Expense
538,2025-05-20,Zomato,165.59,Food,Expense
539,2025-05-20,Restaurant,623.15,Food,Expense
540,2025-05-20,Clothing Store,1955.71,Shopping,Expense
541,2025-05-21,Cafe,110.73,Food,Expense
542,2025-05-21,Movie,565.62,Entertainment,Expense
543,2025-05-21,Fuel,913.93,Transport,Expense
544,2025-05-21,Uber,153.33,Transport,Expense
545,2025-05-21,Clothing Store,2058.77,Shopping,Expense
546,2025-05-22,Restaurant,359.34,Food,Expense
547,2025-05-22,Restaurant,412.75,Food,Expense
548,2025-05-22,Mobile Recharge,565.79,Utilities,Expense
549,2025-05-22,Cafe,231.1,Food,Expense
550,2025-05-22,Movie,431.45,Entertainment,Expense
551,2025-05-23,Restaurant,372.43,Food,Expense
552,2025-05-23,Auto,172.73,Transport,Expense
553,2025-05-24,Uber,166.35,Transport,Expense
554,2025-05-24,Clothing Store,1218.45,Shopping,Expense
555,2025-05-24,Auto,154.82,Transport,Expense
556,2025-05-24,Flipkart,901.0,Shopping,Expense
557,2025-05-24,Netflix,649.0,Entertainment,Expense
558,2025-05-25,Electricity Bill,1691.3,Utilities,Expense
559,2025-05-25,Restaurant,833.16,Food,Expense
560,2025-05-25,Grocery Store,1094.15,Food,Expense
561,2025-05-26,Restaurant,691.28,Food,Expense
562,2025-05-26,Cafe,255.15,Food,Expense
563,2025-05-26,Spotify,174.4,Entertainment,Expense
564,2025-05-26,Restaurant,321.8,Food,Expense
565,2025-05-26,Gaming,397.92,Entertainment,Expense
566,2025-05-27,Cafe,211.62,Food,Expense
567,2025-05-27,Auto,86.93,Transport,Expense
568,2025-05-28,Internet Bill,778.43,Utilities,Expense
569,2025-05-28,Myntra,460.23,Shopping,Expense
570,2025-05-28,Internet Bill,851.16,Utilities,Expense
571,2025-05-28,Fuel,506.09,Transport,Expense
572,2025-05-28,Grocery Store,1509.25,Food,Expense
573,2025-05-29,Fuel,385.0,Transport,Expense
574,2025-05-29,Pharmacy,342.45,Healthcare,Expense
575,2025-05-29,Zomato,417.78,Food,Expense
576,2025-05-29,Certification,998.83,Education,Expense
577,2025-05-30,Cafe,217.81,Food,Expense
578,2025-05-30,Flipkart,1475.74,Shopping,Expense
579,2025-05-30,Electricity Bill,1098.39,Utilities,Expense
580,2025-05-30,Electricity Bill,1511.81,Utilities,Expense
581,2025-05-30,Restaurant,526.9,Food,Expense
582,2025-05-31,Metro,53.24,Transport,Expense
583,2025-06-01,Monthly Salary,89165.85,Salary,Income
584,2025-06-02,Movie,381.63,Entertainment,Expense
585,2025-06-02,Uber,87.86,Transport,Expense
586,2025-06-02,Netflix,649.0,Entertainment,Expense
587,2025-06-02,Swiggy,205.79,Food,Expense
588,2025-06-02,Grocery Store,563.46,Food,Expense
589,2025-06-02,Cafe,214.02,Food,Expense
590,2025-06-03,Spotify,156.64,Entertainment,Expense
591,2025-06-03,Zomato,237.52,Food,Expense
592,2025-06-03,Myntra,899.69,Shopping,Expense
593,2025-06-03,Doctor Consultation,809.48,Healthcare,Expense
594,2025-06-04,Cafe,183.02,Food,Expense
595,2025-06-04,Zomato,107.9,Food,Expense
596,2025-06-04,Cafe,207.85,Food,Expense
597,2025-06-04,Grocery Store,1530.4,Food,Expense
598,2025-06-04,Fuel,783.22,Transport,Expense
599,2025-06-05,Swiggy,122.14,Food,Expense
600,2025-06-05,Mobile Recharge,522.21,Utilities,Expense
601,2025-06-05,Zomato,206.36,Food,Expense
602,2025-06-05,Auto,117.02,Transport,Expense
603,2025-06-05,Restaurant,760.21,Food,Expense
604,2025-06-05,Auto,41.6,Transport,Expense
605,2025-06-05,Monthly Rent,17813.71,Rent,Expense
606,2025-06-06,Swiggy,141.46,Food,Expense
607,2025-06-06,Grocery Store,1587.35,Food,Expense
608,2025-06-08,Cafe,318.36,Food,Expense
609,2025-06-08,Uber,286.86,Transport,Expense
610,2025-06-08,Metro,49.73,Transport,Expense
611,2025-06-08,Myntra,530.79,Shopping,Expense
612,2025-06-08,Clothing Store,1677.71,Shopping,Expense
613,2025-06-09,Flipkart,759.08,Shopping,Expense
614,2025-06-09,Medical Test,1326.99,Healthcare,Expense
615,2025-06-09,Myntra,575.41,Shopping,Expense
616,2025-06-10,Ola,137.01,Transport,Expense
617,2025-06-10,Gaming,798.68,Entertainment,Expense
618,2025-06-10,Cafe,203.32,Food,Expense
619,2025-06-10,Mobile Recharge,539.25,Utilities,Expense
620,2025-06-10,Fuel,577.66,Transport,Expense
621,2025-06-10,Swiggy,349.51,Food,Expense
622,2025-06-10,Auto,97.12,Transport,Expense
623,2025-06-11,Clothing Store,2116.47,Shopping,Expense
624,2025-06-11,Cafe,287.23,Food,Expense
625,2025-06-11,Auto,96.62,Transport,Expense
626,2025-06-11,Auto,56.19,Transport,Expense
627,2025-06-11,Cafe,208.73,Food,Expense
628,2025-06-12,Metro,87.59,Transport,Expense
629,2025-06-12,Swiggy,305.46,Food,Expense
630,2025-06-12,Auto,161.63,Transport,Expense
631,2025-06-12,Internet Bill,780.29,Utilities,Expense
632,2025-06-12,Zomato,439.56,Food,Expense
633,2025-06-12,Movie,300.39,Entertainment,Expense
634,2025-06-13,,910.67,Transport,Expense
635,2025-06-13,Cafe,348.66,Food,Expense
636,2025-06-14,Clothing Store,2155.67,Shopping,Expense
637,2025-06-14,Zomato,125.97,Food,Expense
638,2025-06-14,Ola,138.44,Transport,Expense
639,2025-06-14,Zomato,387.58,Food,Expense
640,2025-06-14,Amazon,1080.0,Shopping,Expense
641,2025-06-14,Internet Bill,625.17,Utilities,Expense
642,2025-06-14,Electricity Bill,938.37,Utilities,Expense
643,2025-06-15,Swiggy,444.99,Food,Expense
644,2025-06-15,Gaming,468.15,Entertainment,Expense
645,2025-06-15,Fuel,593.07,Transport,Expense
646,2025-06-15,Fuel,772.94,Transport,Expense
647,2025-06-15,Zomato,369.39,Food,Expense
648,2025-06-15,Flipkart,223.29,Shopping,Expense
649,2025-06-15,Restaurant,282.73,Food,Expense
650,2025-06-16,Cafe,251.06,Food,Expense
651,2025-06-16,Swiggy,305.31,Food,Expense
652,2025-06-16,Auto,158.04,Transport,Expense
653,2025-06-16,Auto,116.39,Transport,Expense
654,2025-06-17,Cafe,204.23,Food,Expense
655,2025-06-17,Swiggy,224.19,Food,Expense
656,2025-06-17,Uber,75.69,Transport,Expense
657,2025-06-17,Grocery Store,847.52,Food,Expense
658,2025-06-18,Restaurant,759.31,Food,Expense
659,2025-06-18,Swiggy,438.94,Food,Expense
660,2025-06-18,Restaurant,401.85,Food,Expense
661,2025-06-18,Clothing Store,1202.65,Shopping,Expense
662,2025-06-19,Metro,75.48,Transport,Expense
663,2025-06-19,Ola,109.62,Transport,Expense
664,2025-06-19,Mobile Recharge,352.0,Utilities,Expense
665,2025-06-19,Grocery Store,732.33,Food,Expense
666,2025-06-20,Amazon,1393.2,Shopping,Expense
667,2025-06-20,Zomato,118.99,Food,Expense
668,2025-06-20,Doctor Consultation,374.16,Healthcare,Expense
669,2025-06-20,Auto,123.99,Transport,Expense
670,2025-06-21,Cafe,246.32,Food,Expense
671,2025-06-21,Swiggy,420.86,Food,Expense
672,2025-06-21,Zomato,174.13,Food,Expense
673,2025-06-21,Zomato,400.21,Food,Expense
674,2025-06-21,Gaming,246.81,Entertainment,Expense
675,2025-06-21,Gaming,671.45,Entertainment,Expense
676,2025-06-21,Restaurant,604.91,Food,Expense
677,2025-06-22,Flipkart,661.87,Shopping,Expense
678,2025-06-23,Myntra,561.73,Shopping,Expense
679,2025-06-23,Swiggy,441.55,Food,Expense
680,2025-06-24,Internet Bill,866.47,Utilities,Expense
681,2025-06-24,Gaming,775.88,Entertainment,Expense
682,2025-06-24,Netflix,649.0,Entertainment,Expense
683,2025-06-25,Grocery Store,537.24,Food,Expense
684,2025-06-25,Cafe,196.41,Food,Expense
685,2025-06-26,Flipkart,1408.9,Shopping,Expense
686,2025-06-26,Restaurant,578.52,Food,Expense
687,2025-06-26,Restaurant,674.46,Food,Expense
688,2025-06-26,Books,578.87,Education,Expense
689,2025-06-26,Doctor Consultation,863.36,Healthcare,Expense
690,2025-06-27,Zomato,234.24,Food,Expense
691,2025-06-27,Medical Test,933.62,Healthcare,Expense
692,2025-06-27,Amazon,1695.33,Shopping,Expense
693,2025-06-27,Gaming,780.96,Entertainment,Expense
694,2025-06-27,Cafe,118.46,Food,Expense
695,2025-06-28,Metro,33.36,Transport,Expense
696,2025-06-28,Swiggy,260.02,Food,Expense
697,2025-06-28,Gaming,626.57,Entertainment,Expense
698,2025-06-28,Auto,168.61,Transport,Expense
699,2025-06-29,Metro,43.02,Transport,Expense
700,2025-06-29,Ola,172.01,Transport,Expense
701,2025-06-29,Swiggy,182.69,Food,Expense
702,2025-06-29,Internet Bill,521.3,Utilities,Expense
703,2025-06-29,Zomato,333.45,Food,Expense
704,2025-06-29,Cafe,186.13,Food,Expense
705,2025-06-29,Restaurant,397.09,Food,Expense
706,2025-06-30,Restaurant,736.82,Food,Expense
707,2025-06-30,Swiggy,298.21,Food,Expense
708,2025-07-01,Restaurant,571.68,Food,Expense
709,2025-07-01,Metro,56.94,Transport,Expense
710,2025-07-01,Myntra,961.9,Shopping,Expense
711,2025-07-01,Monthly Salary,90435.53,Salary,Income
712,2025-07-01,Movie,394.74,Entertainment,Expense
713,2025-07-02,Clothing Store,1498.14,Shopping,Expense
714,2025-07-02,Grocery Store,418.53,Food,Expense
715,2025-07-02,Fuel,904.69,Transport,Expense
716,2025-07-02,Mobile Recharge,425.05,Utilities,Expense
717,2025-07-02,Restaurant,706.18,Food,Expense
718,2025-07-03,Zomato,141.96,Food,Expense
719,2025-07-04,Fuel,540.82,Transport,Expense
720,2025-07-04,Grocery Store,501.13,Food,Expense
721,2025-07-04,Spotify,178.44,Entertainment,Expense
722,2025-07-05,Amazon,374.99,Shopping,Expense
723,2025-07-05,Restaurant,820.63,Food,Expense
724,2025-07-05,Monthly Rent,17234.69,Rent,Expense
725,2025-07-05,Metro,47.53,Transport,Expense
726,2025-07-05,Cafe,125.06,Food,Expense
727,2025-07-06,Fuel,737.79,Transport,Expense
728,2025-07-06,Fuel,795.12,Transport,Expense
729,2025-07-06,Restaurant,603.9,Food,Expense
730,2025-07-06,Uber,218.67,Transport,Expense
731,2025-07-06,Internet Bill,595.78,Utilities,Expense
732,2025-07-06,Uber,168.48,Transport,Expense
733,2025-07-07,Restaurant,762.71,Food,Expense
734,2025-07-07,Spotify,191.22,Entertainment,Expense
735,2025-07-08,Flipkart,983.2,Shopping,Expense
736,2025-07-08,Uber,242.4,Transport,Expense
737,2025-07-08,Ola,132.86,Transport,Expense
738,2025-07-09,Cafe,291.82,Food,Expense
739,2025-07-09,Clothing Store,1452.21,Shopping,Expense
740,2025-07-09,Zomato,442.96,Food,Expense
741,2025-07-09,Fuel,820.32,Transport,Expense
742,2025-07-09,Gaming,563.02,Entertainment,Expense
743,2025-07-09,Electricity Bill,1182.72,Utilities,Expense
744,2025-07-10,Grocery Store,1725.83,Food,Expense
745,2025-07-10,Zomato,192.15,Food,Expense
746,2025-07-10,Grocery Store,1550.62,Food,Expense
747,2025-07-10,Zomato,300.87,Food,Expense
748,2025-07-10,Ola,163.15,Transport,Expense
749,2025-07-11,Flipkart,267.32,Shopping,Expense
750,2025-07-11,Netflix,649.0,Entertainment,Expense
751,2025-07-11,Uber,230.74,Transport,Expense
752,2025-07-11,Metro,37.29,Transport,Expense
753,2025-07-12,Amazon,1635.0,Shopping,Expense
754,2025-07-12,Myntra,961.82,Shopping,Expense
755,2025-07-12,Auto,102.38,Transport,Expense
756,2025-07-12,Cafe,266.42,Food,Expense
757,2025-07-12,Restaurant,855.04,Food,Expense
758,2025-07-12,Zomato,224.98,Food,Expense
759,2025-07-13,Metro,85.05,Transport,Expense
760,2025-07-13,Pharmacy,461.46,Healthcare,Expense
761,2025-07-13,Movie,344.0,Entertainment,Expense
762,2025-07-13,Ola,197.04,Transport,Expense
763,2025-07-13,Auto,132.49,Transport,Expense
764,2025-07-14,Grocery Store,452.14,Food,Expense
765,2025-07-14,Restaurant,789.11,Food,Expense
766,2025-07-14,Amazon,1597.79,Shopping,Expense
767,2025-07-14,Uber,212.82,Transport,Expense
768,2025-07-15,Ola,179.83,Transport,Expense
769,2025-07-15,Restaurant,642.42,Food,Expense
770,2025-07-15,Ola,180.06,Transport,Expense
771,2025-07-15,Swiggy,419.29,Food,Expense
772,2025-07-15,Uber,276.93,Transport,Expense
773,2025-07-15,Flipkart,1000.17,Shopping,Expense
774,2025-07-15,Myntra,994.96,Shopping,Expense
775,2025-07-16,Ola,179.44,Transport,Expense
776,2025-07-16,Fuel,562.95,Transport,Expense
777,2025-07-16,Swiggy,273.37,Food,Expense
778,2025-07-16,Cafe,106.38,Food,Expense
779,2025-07-16,Electricity Bill,1185.88,Utilities,Expense
780,2025-07-17,Zomato,136.12,Food,Expense
781,2025-07-17,Internet Bill,745.59,Utilities,Expense
782,2025-07-17,Grocery Store,771.76,Food,Expense
783,2025-07-17,Restaurant,870.12,Food,Expense
784,2025-07-18,Myntra,1239.87,Shopping,Expense
785,2025-07-18,Auto,79.16,Transport,Expense
786,2025-07-18,Grocery Store,1093.67,Food,Expense
787,2025-07-18,Swiggy,273.67,Food,Expense
788,2025-07-19,Electricity Bill,1744.14,Utilities,Expense
789,2025-07-19,Swiggy,161.64,Food,Expense
790,2025-07-19,Clothing Store,488.35,Shopping,Expense
791,2025-07-19,Ola,99.31,Transport,Expense
792,2025-07-19,Metro,97.27,Transport,Expense
793,2025-07-20,Zomato,402.61,Food,Expense
794,2025-07-20,Electricity Bill,1435.67,Utilities,Expense
795,2025-07-21,Uber,134.44,Transport,Expense
796,2025-07-22,Cafe,96.82,Food,Expense
797,2025-07-22,Medical Test,1205.36,Healthcare,Expense
798,2025-07-22,Swiggy,350.88,Food,Expense
799,2025-07-22,Certification,2653.72,Education,Expense
800,2025-07-22,Fuel,317.44,Transport,Expense
801,2025-07-22,Uber,80.15,Transport,Expense
802,2025-07-23,Cafe,113.37,Food,Expense
803,2025-07-23,Restaurant,547.2,Food,Expense
804,2025-07-23,Fuel,778.25,Transport,Expense
805,2025-07-23,Metro,40.81,Transport,Expense
806,2025-07-23,Books,624.05,Education,Expense
807,2025-07-23,Spotify,163.52,Entertainment,Expense
808,2025-07-24,Internet Bill,564.98,Utilities,Expense
809,2025-07-24,Spotify,195.83,Entertainment,Expense
810,2025-07-24,Zomato,331.94,Food,Expense
811,2025-07-24,Grocery Store,1537.27,Food,Expense
812,2025-07-26,Swiggy,299.99,Food,Expense
813,2025-07-26,Netflix,649.0,Entertainment,Expense
814,2025-07-26,Cafe,225.17,Food,Expense
815,2025-07-26,Ola,209.01,Transport,Expense
816,2025-07-26,Grocery Store,1599.05,Food,Expense
817,2025-07-26,Zomato,132.12,Food,Expense
818,2025-07-26,Swiggy,419.6,Food,Expense
819,2025-07-26,Netflix,649.0,Entertainment,Expense
820,2025-07-26,Grocery Store,707.75,Food,Expense
821,2025-07-26,Uber,69.34,Transport,Expense
822,2025-07-26,Zomato,303.81,Food,Expense
823,2025-07-27,Fuel,568.32,Transport,Expense
824,2025-07-27,Electricity Bill,1457.66,Utilities,Expense
825,2025-07-27,Grocery Store,376.74,Food,Expense
826,2025-07-28,Ola,213.71,Transport,Expense
827,2025-07-28,Ola,297.66,Transport,Expense
828,2025-07-28,Netflix,649.0,Entertainment,Expense
829,2025-07-29,Zomato,330.64,Food,Expense
830,2025-07-30,Swiggy,368.04,Food,Expense
831,2025-07-30,Cafe,173.53,Food,Expense
832,2025-07-30,Uber,173.78,Transport,Expense
833,2025-07-31,Uber,122.79,Transport,Expense
834,2025-07-31,Grocery Store,1357.84,Food,Expense
835,2025-07-31,Zomato,144.76,Food,Expense
836,2025-07-31,Cafe,133.72,Food,Expense
837,2025-07-31,Internet Bill,846.82,Utilities,Expense
838,2025-08-01,Swiggy,148.08,Food,Expense
839,2025-08-01,Ola,206.89,Transport,Expense
840,2025-08-01,Myntra,1274.0,Shopping,Expense
841,2025-08-01,Swiggy,365.22,Food,Expense
842,2025-08-01,Doctor Consultation,610.1,Healthcare,Expense
843,2025-08-01,Monthly Salary,86895.15,Salary,Income
844,2025-08-01,Zomato,353.7,Food,Expense
845,2025-08-02,Cafe,152.14,Food,Expense
846,2025-08-02,Myntra,835.31,Shopping,Expense
847,2025-08-02,Metro,47.97,Transport,Expense
848,2025-08-02,Grocery Store,884.22,Food,Expense
849,2025-08-02,Netflix,649.0,Entertainment,Expense
850,2025-08-02,Netflix,649.0,Entertainment,Expense
851,2025-08-03,Books,721.28,Education,Expense
852,2025-08-03,Auto,71.6,Transport,Expense
853,2025-08-03,Swiggy,215.45,Food,Expense
854,2025-08-03,Uber,105.1,Transport,Expense
855,2025-08-04,Zomato,304.06,Food,Expense
856,2025-08-04,Swiggy,384.72,Food,Expense
857,2025-08-04,Pharmacy,660.88,Healthcare,Expense
858,2025-08-04,Doctor Consultation,645.16,Healthcare,Expense
859,2025-08-05,Uber,174.3,Transport,Expense
860,2025-08-05,Monthly Rent,17775.08,Rent,Expense
861,2025-08-05,Zomato,264.61,Food,Expense
862,2025-08-06,Uber,147.02,Transport,Expense
863,2025-08-06,Netflix,649.0,Entertainment,Expense
864,2025-08-06,Myntra,292.08,Shopping,Expense
865,2025-08-06,Auto,44.56,Transport,Expense
866,2025-08-06,Netflix,649.0,Entertainment,Expense
867,2025-08-08,Netflix,649.0,Entertainment,Expense
868,2025-08-08,Myntra,1126.12,Shopping,Expense
869,2025-08-08,Grocery Store,827.32,Food,Expense
870,2025-08-08,Cafe,320.64,Food,Expense
871,2025-08-08,Zomato,312.78,Food,Expense
872,2025-08-08,Electricity Bill,1592.46,Utilities,Expense
873,2025-08-09,Zomato,192.03,Food,Expense
874,2025-08-09,Restaurant,410.01,Food,Expense
875,2025-08-09,Grocery Store,572.59,Food,Expense
876,2025-08-09,Grocery Store,1484.33,Food,Expense
877,2025-08-09,Netflix,649.0,Entertainment,Expense
878,2025-08-10,Zomato,398.48,Food,Expense
879,2025-08-10,Cafe,211.39,Food,Expense
880,2025-08-10,Cafe,104.19,Food,Expense
881,2025-08-10,Spotify,164.02,Entertainment,Expense
882,2025-08-11,Grocery Store,1309.95,Food,Expense
883,2025-08-11,Cafe,318.44,Food,Expense
884,2025-08-11,Gaming,750.84,Entertainment,Expense
885,2025-08-12,Zomato,126.26,Food,Expense
886,2025-08-12,Metro,63.56,Transport,Expense
887,2025-08-12,Restaurant,564.75,Food,Expense
888,2025-08-12,Swiggy,378.04,Food,Expense
889,2025-08-12,Uber,268.75,Transport,Expense
890,2025-08-12,Cafe,340.68,Food,Expense
891,2025-08-13,Gaming,571.97,Entertainment,Expense
892,2025-08-13,Flipkart,275.28,Shopping,Expense
893,2025-08-13,Zomato,219.21,Food,Expense
894,2025-08-13,Swiggy,385.85,Food,Expense
895,2025-08-14,Myntra,614.58,Shopping,Expense
896,2025-08-14,Doctor Consultation,914.93,Healthcare,Expense
897,2025-08-15,Fuel,371.69,Transport,Expense
898,2025-08-15,Clothing Store,668.78,Shopping,Expense
899,2025-08-15,Restaurant,752.89,Food,Expense
900,2025-08-16,Zomato,169.71,Food,Expense
901,2025-08-16,Myntra,478.18,Shopping,Expense
902,2025-08-16,Movie,307.77,Entertainment,Expense
903,2025-08-16,Fuel,692.63,Transport,Expense
904,2025-08-16,Metro,67.31,Transport,Expense
905,2025-08-16,Movie,502.04,Entertainment,Expense
906,2025-08-16,Fuel,331.41,Transport,Expense
907,2025-08-17,Movie,499.16,Entertainment,Expense
908,2025-08-17,Certification,2928.63,Education,Expense
909,2025-08-17,Restaurant,781.12,Food,Expense
910,2025-08-17,Zomato,212.74,Food,Expense
911,2025-08-18,Electricity Bill,1414.11,Utilities,Expense
912,2025-08-18,Metro,46.6,Transport,Expense
913,2025-08-18,Internet Bill,745.47,Utilities,Expense
914,2025-08-19,Swiggy,440.26,Food,Expense
915,2025-08-19,Grocery Store,970.6,Food,Expense
916,2025-08-19,Auto,97.13,Transport,Expense
917,2025-08-20,Auto,88.23,,Expense
918,2025-08-20,Metro,64.24,Transport,Expense
919,2025-08-20,Fuel,303.12,Transport,Expense
920,2025-08-20,Grocery Store,1154.77,Food,Expense
921,2025-08-20,Metro,96.15,Transport,Expense
922,2025-08-21,Swiggy,122.41,Food,Expense
923,2025-08-21,Fuel,300.14,Transport,Expense
924,2025-08-22,Swiggy,423.37,Food,Expense
925,2025-08-22,Cafe,258.71,Food,Expense
926,2025-08-22,Zomato,209.39,Food,Expense
927,2025-08-22,Ola,271.81,Transport,Expense
928,2025-08-22,Metro,33.01,Transport,Expense
929,2025-08-22,Electricity Bill,1780.59,Utilities,Expense
930,2025-08-22,Clothing Store,1148.52,Shopping,Expense
931,2025-08-23,Spotify,198.97,Entertainment,Expense
932,2025-08-23,Metro,76.04,Transport,Expense
933,2025-08-23,Swiggy,243.49,Food,Expense
934,2025-08-24,Swiggy,372.63,Food,Expense
935,2025-08-24,Amazon,971.15,Shopping,Expense
936,2025-08-24,Fuel,684.81,Transport,Expense
937,2025-08-24,Swiggy,115.33,Food,Expense
938,2025-08-25,Swiggy,192.75,Food,Expense
939,2025-08-25,Swiggy,254.45,Food,Expense
940,2025-08-25,Zomato,414.62,Food,Expense
941,2025-08-25,Swiggy,178.02,Food,Expense
942,2025-08-25,Restaurant,360.02,Food,Expense
943,2025-08-25,Mobile Recharge,558.37,Utilities,Expense
944,2025-08-26,Gaming,753.06,Entertainment,Expense
945,2025-08-26,Gaming,476.89,Entertainment,Expense
946,2025-08-26,Cafe,196.95,Food,Expense
947,2025-08-26,Metro,58.96,Transport,Expense
948,2025-08-27,Ola,268.38,Transport,Expense
949,2025-08-27,Amazon,728.4,Shopping,Expense
950,2025-08-27,Internet Bill,759.7,Utilities,Expense
951,2025-08-27,Zomato,387.71,Food,Expense
952,2025-08-27,Zomato,131.65,Food,Expense
953,2025-08-28,Auto,77.58,Transport,Expense
954,2025-08-28,Mobile Recharge,418.64,Utilities,Expense
955,2025-08-28,Grocery Store,1442.44,Food,Expense
956,2025-08-28,Restaurant,616.76,Food,Expense
957,2025-08-28,Grocery Store,671.88,Food,Expense
958,2025-08-28,Uber,255.08,Transport,Expense
959,2025-08-29,Mobile Recharge,413.65,Utilities,Expense
960,2025-08-29,Medical Test,1708.8,Healthcare,Expense
961,2025-08-29,Spotify,179.6,Entertainment,Expense
962,2025-08-29,Myntra,1425.48,Shopping,Expense
963,2025-08-30,Metro,34.75,Transport,Expense
964,2025-08-30,Restaurant,781.21,Food,Expense
965,2025-08-30,Fuel,962.87,Transport,Expense
966,2025-08-31,Cafe,168.56,Food,Expense
967,2025-08-31,Swiggy,162.64,Food,Expense
968,2025-08-31,Internet Bill,535.26,Utilities,Expense
969,2025-08-31,Restaurant,721.37,Food,Expense
970,2025-08-31,Metro,27.29,Transport,Expense
971,2025-08-31,Pharmacy,111.68,Healthcare,Expense
972,2025-09-01,Movie,513.95,Entertainment,Expense
973,2025-09-01,Restaurant,511.93,Food,Expense
974,2025-09-01,Monthly Salary,88176.9,Salary,Income
975,2025-09-02,Ola,174.3,Transport,Expense
976,2025-09-02,Pharmacy,285.54,Healthcare,Expense
977,2025-09-02,Ola,241.42,Transport,Expense
978,2025-09-03,Grocery Store,1496.95,Food,Expense
979,2025-09-04,Fuel,876.34,Transport,Expense
980,2025-09-04,Ola,75.14,Transport,Expense
981,2025-09-04,Mobile Recharge,441.76,Utilities,Expense
982,2025-09-04,Auto,62.57,Transport,Expense
983,2025-09-04,Spotify,157.13,Entertainment,Expense
984,2025-09-05,Restaurant,666.39,Food,Expense
985,2025-09-05,Monthly Rent,18125.7,Rent,Expense
986,2025-09-05,Zomato,222.54,Food,Expense
987,2025-09-05,Doctor Consultation,822.59,Healthcare,Expense
988,2025-09-05,Electricity Bill,1301.84,Utilities,Expense
989,2025-09-05,Uber,166.05,Transport,Expense
990,2025-09-05,Fuel,576.72,Transport,Expense
991,2025-09-06,Electricity Bill,990.21,Utilities,Expense
992,2025-09-06,Clothing Store,1795.96,Shopping,Expense
993,2025-09-06,Clothing Store,1168.7,Shopping,Expense
994,2025-09-06,Grocery Store,1157.88,Food,Expense
995,2025-09-06,Books,538.27,Education,Expense
996,2025-09-06,Restaurant,625.47,Food,Expense
997,2025-09-07,Zomato,299.85,Food,Expense
998,2025-09-07,Fuel,931.71,Transport,Expense
999,2025-09-07,Grocery Store,1745.74,Food,Expense
1000,2025-09-07,Spotify,155.42,Entertainment,Expense
1001,2025-09-07,Swiggy,154.23,Food,Expense
1002,2025-09-07,Mobile Recharge,235.21,Utilities,Expense
1003,2025-09-08,Zomato,404.12,Food,Expense
1004,2025-09-08,Swiggy,209.69,Food,Expense
1005,2025-09-08,Restaurant,391.51,Food,Expense
1006,2025-09-09,Metro,22.62,Transport,Expense
1007,2025-09-09,Medical Test,1435.43,Healthcare,Expense
1008,2025-09-09,Cafe,200.28,Food,Expense
1009,2025-09-09,Swiggy,210.1,Food,Expense
1010,2025-09-09,Swiggy,106.43,Food,Expense
1011,2025-09-09,Myntra,1353.86,Shopping,Expense
1012,2025-09-10,Zomato,300.92,Food,Expense
1013,2025-09-10,Doctor Consultation,543.57,Healthcare,Expense
1014,2025-09-10,Cafe,155.67,Food,Expense
1015,2025-09-10,Zomato,153.25,Food,Expense
1016,2025-09-11,Books,772.59,Education,Expense
1017,2025-09-11,Grocery Store,460.44,Food,Expense
1018,2025-09-11,Ola,177.7,Transport,Expense
1019,2025-09-11,Swiggy,410.54,Food,Expense
1020,2025-09-11,Cafe,234.51,Food,Expense
1021,2025-09-12,Ola,169.89,Transport,Expense
1022,2025-09-12,Restaurant,469.54,Food,Expense
1023,2025-09-12,Electricity Bill,1551.43,Utilities,Expense
1024,2025-09-13,Zomato,183.3,Food,Expense
1025,2025-09-13,Cafe,152.01,Food,Expense
1026,2025-09-13,Movie,510.3,Entertainment,Expense
1027,2025-09-13,Mobile Recharge,522.98,Utilities,Expense
1028,2025-09-13,Swiggy,372.29,Food,Expense
1029,2025-09-14,Cafe,171.37,Food,Expense
1030,2025-09-14,Grocery Store,514.31,Food,Expense
1031,2025-09-14,Cafe,224.18,Food,Expense
1032,2025-09-14,Online Course,1198.02,Education,Expense
1033,2025-09-14,Auto,56.49,Transport,Expense
1034,2025-09-15,Zomato,257.68,Food,Expense
1035,2025-09-15,Ola,242.89,Transport,Expense
1036,2025-09-15,Amazon,1592.83,Shopping,Expense
1037,2025-09-15,Fuel,356.31,Transport,Expense
1038,2025-09-15,Zomato,319.03,Food,Expense
1039,2025-09-16,Mobile Recharge,507.94,Utilities,Expense
1040,2025-09-16,Restaurant,644.27,Food,Expense
1041,2025-09-16,Grocery Store,1791.79,Food,Expense
1042,2025-09-17,Auto,102.43,Transport,Expense
1043,2025-09-17,Ola,111.63,Transport,Expense
1044,2025-09-17,Uber,208.28,Transport,Expense
1045,2025-09-17,Myntra,1090.11,Shopping,Expense
1046,2025-09-17,Flipkart,987.16,Shopping,Expense
1047,2025-09-19,Cafe,169.41,Food,Expense
1048,2025-09-20,Restaurant,849.53,Food,Expense
1049,2025-09-20,Zomato,416.67,Food,Expense
1050,2025-09-20,Ola,150.88,Transport,Expense
1051,2025-09-20,Ola,218.12,Transport,Expense
1052,2025-09-21,Medical Test,1538.41,Healthcare,Expense
1053,2025-09-22,Cafe,166.0,Food,Expense
1054,2025-09-22,Cafe,207.82,Food,Expense
1055,2025-09-23,Spotify,155.01,Entertainment,Expense
1056,2025-09-23,Netflix,649.0,Entertainment,Expense
1057,2025-09-23,Internet Bill,533.55,Utilities,Expense
1058,2025-09-23,Electricity Bill,1315.27,Utilities,Expense
1059,2025-09-23,Flipkart,466.74,Shopping,Expense
1060,2025-09-23,Clothing Store,912.42,Shopping,Expense
1061,2025-09-23,Metro,39.86,Transport,Expense
1062,2025-09-23,Netflix,649.0,Entertainment,Expense
1063,2025-09-24,Internet Bill,655.24,Utilities,Expense
1064,2025-09-24,Zomato,421.71,Food,Expense
1065,2025-09-24,Swiggy,156.69,Food,Expense
1066,2025-09-25,Metro,56.68,Transport,Expense
1067,2025-09-25,Restaurant,428.85,Food,Expense
1068,2025-09-25,Cafe,95.52,Food,Expense
1069,2025-09-25,Ola,232.06,Transport,Expense
1070,2025-09-25,Ola,125.9,Transport,Expense
1071,2025-09-25,Myntra,840.26,Shopping,Expense
1072,2025-09-25,Uber,248.77,Transport,Expense
1073,2025-09-25,Doctor Consultation,417.12,Healthcare,Expense
1074,2025-09-26,Grocery Store,746.03,Food,Expense
1075,2025-09-26,Doctor Consultation,792.41,Healthcare,Expense
1076,2025-09-26,Auto,136.19,Transport,Expense
1077,2025-09-26,Amazon,1536.31,Shopping,Expense
1078,2025-09-26,Uber,227.43,Transport,Expense
1079,2025-09-27,Zomato,193.19,Food,Expense
1080,2025-09-27,Uber,259.83,Transport,Expense
1081,2025-09-27,Grocery Store,912.39,Food,Expense
1082,2025-09-27,Ola,147.34,Transport,Expense
1083,2025-09-27,Electricity Bill,973.74,Utilities,Expense
1084,2025-09-28,Metro,93.43,Transport,Expense
1085,2025-09-28,Swiggy,121.04,Food,Expense
1086,2025-09-28,Auto,117.58,Transport,Expense
1087,2025-09-29,Amazon,1667.59,Shopping,Expense
1088,2025-09-30,Grocery Store,980.47,Food,Expense
1089,2025-09-30,Restaurant,672.21,Food,Expense
1090,2025-09-30,Cafe,101.63,Food,Expense
1091,2025-09-30,Online Course,1187.25,Education,Expense
1092,2025-10-01,Uber,82.37,Transport,Expense
1093,2025-10-01,Monthly Salary,88365.56,Salary,Income
1094,2025-10-01,Gaming,272.2,Entertainment,Expense
1095,2025-10-02,Zomato,198.74,Food,Expense
1096,2025-10-02,Online Course,1893.63,Education,Expense
1097,2025-10-02,Cafe,97.07,Food,Expense
1098,2025-10-03,Medical Test,659.21,Healthcare,Expense
1099,2025-10-03,Restaurant,378.1,Food,Expense
1100,2025-10-03,Metro,68.95,Transport,Expense
1101,2025-10-04,Cafe,267.97,Food,Expense
1102,2025-10-04,Flipkart,921.39,Shopping,Expense
1103,2025-10-04,Uber,110.59,Transport,Expense
1104,2025-10-05,Amazon,1658.14,Shopping,Expense
1105,2025-10-05,Netflix,649.0,Entertainment,Expense
1106,2025-10-05,Ola,66.96,Transport,Expense
1107,2025-10-05,Monthly Rent,17435.08,Rent,Expense
1108,2025-10-05,Swiggy,376.67,Food,Expense
1109,2025-10-05,Restaurant,395.74,Food,Expense
1110,2025-10-05,Ola,147.8,Transport,Expense
1111,2025-10-06,Grocery Store,453.72,Food,Expense
1112,2025-10-06,Uber,105.02,Transport,Expense
1113,2025-10-06,Doctor Consultation,559.84,Healthcare,Expense
1114,2025-10-07,Restaurant,815.24,Food,Expense
1115,2025-10-07,Restaurant,825.57,Food,Expense
1116,2025-10-07,Uber,143.86,Transport,Expense
1117,2025-10-07,Fuel,876.35,Transport,Expense
1118,2025-10-07,Gaming,658.25,Entertainment,Expense
1119,2025-10-07,Swiggy,417.94,Food,Expense
1120,2025-10-07,Uber,103.05,Transport,Expense
1121,2025-10-08,Spotify,173.41,Entertainment,Expense
1122,2025-10-08,Flipkart,1208.99,Shopping,Expense
1123,2025-10-08,Auto,178.65,Transport,Expense
1124,2025-10-08,Metro,63.9,Transport,Expense
1125,2025-10-08,Flipkart,395.74,Shopping,Expense
1126,2025-10-09,Grocery Store,875.72,Food,Expense
1127,2025-10-09,Auto,64.79,Transport,Expense
1128,2025-10-09,Pharmacy,336.57,Healthcare,Expense
1129,2025-10-09,Doctor Consultation,447.04,Healthcare,Expense
1130,2025-10-10,Auto,50.24,Transport,Expense
1131,2025-10-10,Cafe,327.05,Food,Expense
1132,2025-10-10,Restaurant,677.4,Food,Expense
1133,2025-10-10,Grocery Store,1714.46,Food,Expense
1134,2025-10-10,Uber,127.15,Transport,Expense
1135,2025-10-10,Grocery Store,706.37,Food,Expense
1136,2025-10-10,Mobile Recharge,520.8,Utilities,Expense
1137,2025-10-10,Books,495.87,Education,Expense
1138,2025-10-10,Cafe,305.73,Food,Expense
1139,2025-10-10,Zomato,139.84,Food,Expense
1140,2025-10-10,Spotify,151.73,Entertainment,Expense
1141,2025-10-11,Ola,244.27,Transport,Expense
1142,2025-10-12,Grocery Store,1297.39,Food,Expense
1143,2025-10-12,Zomato,428.63,Food,Expense
1144,2025-10-12,Clothing Store,1589.08,Shopping,Expense
1145,2025-10-12,Cafe,121.86,Food,Expense
1146,2025-10-12,Ola,110.33,Transport,Expense
1147,2025-10-12,Electricity Bill,1480.28,Utilities,Expense
1148,2025-10-12,Fuel,997.64,Transport,Expense
1149,2025-10-13,Restaurant,806.81,Food,Expense
1150,2025-10-13,Restaurant,623.17,Food,Expense
1151,2025-10-13,Flipkart,323.14,Shopping,Expense
1152,2025-10-14,Uber,243.91,Transport,Expense
1153,2025-10-14,Metro,64.73,Transport,Expense
1154,2025-10-14,Medical Test,1676.21,Healthcare,Expense
1155,2025-10-14,Auto,70.94,Transport,Expense
1156,2025-10-14,Uber,104.19,Transport,Expense
1157,2025-10-14,Mobile Recharge,221.83,Utilities,Expense
1158,2025-10-15,Electricity Bill,1371.96,Utilities,Expense
1159,2025-10-15,Internet Bill,889.53,Utilities,Expense
1160,2025-10-15,Grocery Store,584.66,Food,Expense
1161,2025-10-15,Flipkart,1431.0,Shopping,Expense
1162,2025-10-15,Fuel,462.3,Transport,Expense
1163,2025-10-15,Fuel,728.86,Transport,Expense
1164,2025-10-16,Uber,158.59,Transport,Expense
1165,2025-10-16,Cafe,157.92,Food,Expense
1166,2025-10-16,Grocery Store,1725.53,Food,Expense
1167,2025-10-16,Netflix,649.0,Entertainment,Expense
1168,2025-10-16,Cafe,291.76,Food,Expense
1169,2025-10-16,Auto,171.97,Transport,Expense
1170,2025-10-17,Zomato,128.43,Food,Expense
1171,2025-10-17,Myntra,1085.47,Shopping,Expense
1172,2025-10-17,Grocery Store,1309.15,Food,Expense
1173,2025-10-17,Metro,95.78,Transport,Expense
1174,2025-10-17,Swiggy,392.84,Food,Expense
1175,2025-10-17,Ola,241.79,Transport,Expense
1176,2025-10-17,Swiggy,254.03,Food,Expense
1177,2025-10-17,Cafe,128.58,Food,Expense
1178,2025-10-18,Auto,85.25,Transport,Expense
1179,2025-10-18,Movie,413.1,Entertainment,Expense
1180,2025-10-18,Cafe,135.93,Food,Expense
1181,2025-10-18,Fuel,489.3,Transport,Expense
1182,2025-10-18,Electricity Bill,962.12,Utilities,Expense
1183,2025-10-19,Zomato,341.69,Food,Expense
1184,2025-10-19,Internet Bill,585.05,Utilities,Expense
1185,2025-10-19,Swiggy,337.67,Food,Expense
1186,2025-10-19,Uber,97.34,Transport,Expense
1187,2025-10-19,Flipkart,428.14,Shopping,Expense
1188,2025-10-19,Cafe,165.92,Food,Expense
1189,2025-10-20,Grocery Store,847.95,Food,Expense
1190,2025-10-20,Restaurant,637.96,Food,Expense
1191,2025-10-20,Auto,135.61,Transport,Expense
1192,2025-10-21,Movie,490.62,Entertainment,Expense
1193,2025-10-21,Ola,248.31,Transport,Expense
1194,2025-10-21,Auto,129.8,Transport,Expense
1195,2025-10-21,Uber,179.53,Transport,Expense
1196,2025-10-21,Cafe,349.21,Food,Expense
1197,2025-10-21,Clothing Store,1489.01,Shopping,Expense
1198,2025-10-22,Myntra,1364.49,Shopping,Expense
1199,2025-10-22,Swiggy,274.65,Food,Expense
1200,2025-10-22,Netflix,649.0,Entertainment,Expense
1201,2025-10-22,Restaurant,841.33,Food,Expense
1202,2025-10-22,Swiggy,190.39,Food,Expense
1203,2025-10-22,Flipkart,1434.28,Shopping,Expense
1204,2025-10-23,Swiggy,270.33,Food,Expense
1205,2025-10-23,Amazon,1353.3,Shopping,Expense
1206,2025-10-23,Flipkart,1473.19,Shopping,Expense
1207,2025-10-23,Restaurant,264.26,Food,Expense
1208,2025-10-23,Uber,299.9,Transport,Expense
1209,2025-10-23,Cafe,288.59,Food,Expense
1210,2025-10-23,Grocery Store,1749.08,Food,Expense
1211,2025-10-23,Zomato,429.96,Food,Expense
1212,2025-10-24,Grocery Store,1482.46,Food,Expense
1213,2025-10-24,Clothing Store,519.18,Shopping,Expense
1214,2025-10-24,Fuel,562.62,Transport,Expense
1215,2025-10-24,Flipkart,1192.06,Shopping,Expense
1216,2025-10-24,Fuel,618.64,Transport,Expense
1217,2025-10-24,Flipkart,1471.26,Shopping,Expense
1218,2025-10-24,Grocery Store,1353.83,Food,Expense
1219,2025-10-24,Zomato,348.07,Food,Expense
1220,2025-10-25,Online Course,1784.42,Education,Expense
1221,2025-10-25,Zomato,132.59,Food,Expense
1222,2025-10-26,Uber,167.94,Transport,Expense
1223,2025-10-26,Auto,69.79,Transport,Expense
1224,2025-10-26,Metro,48.57,Transport,Expense
1225,2025-10-27,Grocery Store,1256.86,Food,Expense
1226,2025-10-27,Zomato,308.92,Food,Expense
1227,2025-10-27,Metro,94.78,Transport,Expense
1228,2025-10-27,Restaurant,777.2,Food,Expense
1229,2025-10-27,Spotify,180.16,Entertainment,Expense
1230,2025-10-28,Books,235.11,Education,Expense
1231,2025-10-28,Metro,50.47,Transport,Expense
1232,2025-10-28,Pharmacy,699.71,Healthcare,Expense
1233,2025-10-28,Zomato,225.2,Food,Expense
1234,2025-10-28,Swiggy,103.13,Food,Expense
1235,2025-10-28,Auto,95.92,Transport,Expense
1236,2025-10-28,Zomato,264.69,Food,Expense
1237,2025-10-28,Mobile Recharge,418.56,Utilities,Expense
1238,2025-10-29,Restaurant,799.59,Food,Expense
1239,2025-10-30,Zomato,394.28,Food,Expense
1240,2025-10-30,Zomato,388.35,Food,Expense
1241,2025-10-30,Gaming,349.44,Entertainment,Expense
1242,2025-10-30,Pharmacy,774.7,Healthcare,Expense
1243,2025-10-30,Online Course,1309.81,Education,Expense
1244,2025-10-31,Auto,134.98,Transport,Expense
1245,2025-10-31,Swiggy,209.62,Food,Expense
1246,2025-11-01,,844.09,Food,Expense
1247,2025-11-01,Monthly Salary,92638.17,Salary,Income
1248,2025-11-01,Cafe,223.73,Food,Expense
1249,2025-11-01,Cafe,90.58,Food,Expense
1250,2025-11-02,Clothing Store,1190.48,Shopping,Expense
1251,2025-11-02,Zomato,246.73,Food,Expense
1252,2025-11-02,Fuel,710.82,Transport,Expense
1253,2025-11-02,Metro,74.75,Transport,Expense
1254,2025-11-03,Zomato,291.87,Food,Expense
1255,2025-11-03,Ola,150.77,Transport,Expense
1256,2025-11-03,Fuel,921.58,Transport,Expense
1257,2025-11-03,Fuel,653.89,Transport,Expense
1258,2025-11-03,Auto,100.9,Transport,Expense
1259,2025-11-04,Fuel,674.06,Transport,Expense
1260,2025-11-04,Zomato,139.15,Food,Expense
1261,2025-11-04,Swiggy,205.5,Food,Expense
1262,2025-11-04,Gaming,158.02,Entertainment,Expense
1263,2025-11-05,Auto,79.89,Transport,Expense
1264,2025-11-05,Ola,271.72,Transport,Expense
1265,2025-11-05,Restaurant,692.49,Food,Expense
1266,2025-11-05,Monthly Rent,17909.69,Rent,Expense
1267,2025-11-06,Restaurant,434.97,Food,Expense
1268,2025-11-06,Pharmacy,435.31,Healthcare,Expense
1269,2025-11-06,Swiggy,350.61,Food,Expense
1270,2025-11-06,Zomato,117.16,Food,Expense
1271,2025-11-07,Metro,34.72,Transport,Expense
1272,2025-11-08,Fuel,506.88,Transport,Expense
1273,2025-11-08,Ola,282.94,Transport,Expense
1274,2025-11-09,Electricity Bill,1016.87,Utilities,Expense
1275,2025-11-09,Swiggy,141.81,Food,Expense
1276,2025-11-09,Electricity Bill,1073.6,Utilities,Expense
1277,2025-11-09,Myntra,245.24,Shopping,Expense
1278,2025-11-09,Movie,485.1,Entertainment,Expense
1279,2025-11-10,Electricity Bill,1255.42,Utilities,Expense
1280,2025-11-10,Zomato,425.58,Food,Expense
1281,2025-11-10,Zomato,322.39,Food,Expense
1282,2025-11-10,Flipkart,1456.18,Shopping,Expense
1283,2025-11-10,Grocery Store,651.0,Food,Expense
1284,2025-11-11,Uber,78.99,Transport,Expense
1285,2025-11-11,Mobile Recharge,490.96,Utilities,Expense
1286,2025-11-11,Auto,119.39,Transport,Expense
1287,2025-11-11,Swiggy,274.57,Food,Expense
1288,2025-11-11,Grocery Store,1750.22,Food,Expense
1289,2025-11-11,Cafe,108.11,Food,Expense
1290,2025-11-12,Mobile Recharge,212.4,Utilities,Expense
1291,2025-11-12,Doctor Consultation,978.24,Healthcare,Expense
1292,2025-11-12,Flipkart,780.09,Shopping,Expense
1293,2025-11-13,Restaurant,574.28,Food,Expense
1294,2025-11-13,Flipkart,312.69,Shopping,Expense
1295,2025-11-14,Grocery Store,764.06,Food,Expense
1296,2025-11-14,Restaurant,847.14,Food,Expense
1297,2025-11-14,Grocery Store,531.38,Food,Expense
1298,2025-11-14,Fuel,327.15,Transport,Expense
1299,2025-11-14,Zomato,195.24,Food,Expense
1300,2025-11-14,Internet Bill,730.94,Utilities,Expense
1301,2025-11-14,Zomato,374.67,Food,Expense
1302,2025-11-15,Mobile Recharge,295.51,Utilities,Expense
1303,2025-11-15,Gaming,246.05,Entertainment,Expense
1304,2025-11-15,Restaurant,536.14,Food,Expense
1305,2025-11-15,Internet Bill,505.49,Utilities,Expense
1306,2025-11-16,Restaurant,634.6,Food,Expense
1307,2025-11-16,Flipkart,1103.59,Shopping,Expense
1308,2025-11-17,Amazon,405.86,Shopping,Expense
1309,2025-11-17,Fuel,378.76,Transport,Expense
1310,2025-11-18,Swiggy,250.23,Food,Expense
1311,2025-11-18,Ola,83.28,Transport,Expense
1312,2025-11-18,Cafe,105.23,Food,Expense
1313,2025-11-18,Ola,162.03,Transport,Expense
1314,2025-11-18,Restaurant,668.97,Food,Expense
1315,2025-11-18,Myntra,260.95,Shopping,Expense
1316,2025-11-19,Grocery Store,402.43,Food,Expense
1317,2025-11-19,Myntra,750.65,Shopping,Expense
1318,2025-11-19,Metro,83.09,Transport,Expense
1319,2025-11-19,Metro,58.64,Transport,Expense
1320,2025-11-20,Restaurant,418.85,Food,Expense
1321,2025-11-20,Ola,230.35,Transport,Expense
1322,2025-11-20,Gaming,693.18,Entertainment,Expense
1323,2025-11-20,Swiggy,103.2,Food,Expense
1324,2025-11-20,Fuel,646.06,Transport,Expense
1325,2025-11-20,Gaming,550.6,Entertainment,Expense
1326,2025-11-21,Restaurant,590.85,Food,Expense
1327,2025-11-22,Cafe,132.35,Food,Expense
1328,2025-11-22,Doctor Consultation,683.38,Healthcare,Expense
1329,2025-11-22,Grocery Store,775.02,Food,Expense
1330,2025-11-22,Auto,49.97,Transport,Expense
1331,2025-11-23,Zomato,388.14,Food,Expense
1332,2025-11-24,Swiggy,341.51,Food,Expense
1333,2025-11-24,Internet Bill,560.78,Utilities,Expense
1334,2025-11-24,Cafe,296.3,Food,Expense
1335,2025-11-24,Electricity Bill,1474.84,Utilities,Expense
1336,2025-11-24,Restaurant,826.89,Food,Expense
1337,2025-11-24,Ola,271.9,Transport,Expense
1338,2025-11-25,Uber,157.21,Transport,Expense
1339,2025-11-25,Grocery Store,1216.96,Food,Expense
1340,2025-11-25,Flipkart,1090.0,Shopping,Expense
1341,2025-11-25,Internet Bill,706.11,Utilities,Expense
1342,2025-11-25,Restaurant,409.18,Food,Expense
1343,2025-11-25,Cafe,280.74,Food,Expense
1344,2025-11-25,Metro,92.71,Transport,Expense
1345,2025-11-25,Movie,368.73,Entertainment,Expense
1346,2025-11-26,Cafe,121.63,Food,Expense
1347,2025-11-26,Movie,460.45,Entertainment,Expense
1348,2025-11-26,Fuel,922.48,Transport,Expense
1349,2025-11-27,Mobile Recharge,539.54,Utilities,Expense
1350,2025-11-27,Grocery Store,1771.23,Food,Expense
1351,2025-11-27,Swiggy,165.42,Food,Expense
1352,2025-11-27,Restaurant,421.68,Food,Expense
1353,2025-11-27,Myntra,811.71,Shopping,Expense
1354,2025-11-28,Auto,55.84,Transport,Expense
1355,2025-11-28,Grocery Store,713.82,Food,Expense
1356,2025-11-28,Doctor Consultation,995.0,Healthcare,Expense
1357,2025-11-28,Netflix,649.0,Entertainment,Expense
1358,2025-11-29,Swiggy,194.18,Food,Expense
1359,2025-11-29,Grocery Store,1570.7,Food,Expense
1360,2025-11-30,Electricity Bill,913.06,Utilities,Expense
1361,2025-11-30,Restaurant,596.28,Food,Expense
1362,2025-11-30,Amazon,848.45,Shopping,Expense
1363,2025-11-30,Pharmacy,452.73,Healthcare,Expense
1364,2025-11-30,Swiggy,148.16,Food,Expense
1365,2025-12-01,Mobile Recharge,488.34,Utilities,Expense
1366,2025-12-01,Monthly Salary,90121.55,Salary,Income
1367,2025-12-01,Gaming,719.75,Entertainment,Expense
1368,2025-12-02,Grocery Store,535.66,Food,Expense
1369,2025-12-02,Clothing Store,1366.04,Shopping,Expense
1370,2025-12-02,Swiggy,121.74,Food,Expense
1371,2025-12-02,Clothing Store,1974.66,Shopping,Expense
1372,2025-12-02,Electricity Bill,1316.66,Utilities,Expense
1373,2025-12-03,Pharmacy,428.64,Healthcare,Expense
1374,2025-12-03,Grocery Store,995.93,Food,Expense
1375,2025-12-03,Doctor Consultation,480.13,Healthcare,Expense
1376,2025-12-03,Pharmacy,372.05,Healthcare,Expense
1377,2025-12-04,Cafe,300.4,Food,Expense
1378,2025-12-04,Electricity Bill,1093.78,Utilities,Expense
1379,2025-12-04,Restaurant,317.57,Food,Expense
1380,2025-12-04,Medical Test,1622.59,Healthcare,Expense
1381,2025-12-04,Mobile Recharge,314.4,Utilities,Expense
1382,2025-12-04,Swiggy,295.45,Food,Expense
1383,2025-12-04,Grocery Store,1081.08,Food,Expense
1384,2025-12-04,Movie,211.58,Entertainment,Expense
1385,2025-12-04,Grocery Store,471.04,Food,Expense
1386,2025-12-05,Auto,87.27,Transport,Expense
1387,2025-12-05,Amazon,1124.1,Shopping,Expense
1388,2025-12-05,Fuel,609.31,Transport,Expense
1389,2025-12-05,Fuel,750.34,Transport,Expense
1390,2025-12-05,Restaurant,431.09,Food,Expense
1391,2025-12-05,Zomato,298.08,Food,Expense
1392,2025-12-05,Monthly Rent,17430.1,Rent,Expense
1393,2025-12-05,Cafe,225.61,Food,Expense
1394,2025-12-05,Swiggy,256.31,Food,Expense
1395,2025-12-05,Restaurant,480.84,Food,Expense
1396,2025-12-06,Swiggy,286.71,Food,Expense
1397,2025-12-06,Auto,101.89,Transport,Expense
1398,2025-12-06,Cafe,254.84,Food,Expense
1399,2025-12-07,Restaurant,811.76,Food,Expense
1400,2025-12-07,Fuel,519.63,Transport,Expense
1401,2025-12-07,Pharmacy,304.17,Healthcare,Expense
1402,2025-12-08,Internet Bill,847.24,Utilities,Expense
1403,2025-12-08,Mobile Recharge,325.57,Utilities,Expense
1404,2025-12-09,Swiggy,238.34,Food,Expense
1405,2025-12-09,Zomato,182.59,Food,Expense
1406,2025-12-09,Internet Bill,763.71,Utilities,Expense
1407,2025-12-09,Grocery Store,1345.81,Food,Expense
1408,2025-12-10,Mobile Recharge,409.24,Utilities,Expense
1409,2025-12-10,Zomato,273.01,Food,Expense
1410,2025-12-10,Cafe,324.63,Food,Expense
1411,2025-12-10,Netflix,649.0,Entertainment,Expense
1412,2025-12-10,Zomato,244.34,Food,Expense
1413,2025-12-10,Myntra,1141.44,Shopping,Expense
1414,2025-12-11,Amazon,1233.64,Shopping,Expense
1415,2025-12-11,Netflix,649.0,Entertainment,Expense
1416,2025-12-11,Grocery Store,404.96,Food,Expense
1417,2025-12-11,Restaurant,799.52,Food,Expense
1418,2025-12-11,Myntra,1369.5,Shopping,Expense
1419,2025-12-11,Metro,47.86,Transport,Expense
1420,2025-12-11,Amazon,656.22,Shopping,Expense
1421,2025-12-11,Zomato,169.1,Food,Expense
1422,2025-12-11,Metro,55.73,Transport,Expense
1423,2025-12-12,Netflix,649.0,Entertainment,Expense
1424,2025-12-12,Fuel,620.17,Transport,Expense
1425,2025-12-13,Flipkart,1165.14,Shopping,Expense
1426,2025-12-13,Swiggy,329.26,Food,Expense
1427,2025-12-13,Grocery Store,380.7,Food,Expense
1428,2025-12-13,Flipkart,1163.01,Shopping,Expense
1429,2025-12-13,Certification,1604.71,Education,Expense
1430,2025-12-14,Auto,95.6,Transport,Expense
1431,2025-12-15,Cafe,85.05,Food,Expense
1432,2025-12-15,Zomato,149.97,Food,Expense
1433,2025-12-15,Ola,160.16,Transport,Expense
1434,2025-12-15,Spotify,197.14,Entertainment,Expense
1435,2025-12-16,Doctor Consultation,411.03,Healthcare,Expense
1436,2025-12-16,Cafe,336.02,Food,Expense
1437,2025-12-16,Swiggy,244.63,Food,Expense
1438,2025-12-17,Medical Test,586.19,Healthcare,Expense
1439,2025-12-17,Flipkart,894.38,Shopping,Expense
1440,2025-12-17,Auto,61.58,Transport,Expense
1441,2025-12-17,Ola,260.19,Transport,Expense
1442,2025-12-17,Amazon,359.32,Shopping,Expense
1443,2025-12-18,Grocery Store,409.46,Food,Expense
1444,2025-12-18,Swiggy,147.03,Food,Expense
1445,2025-12-18,Mobile Recharge,589.38,Utilities,Expense
1446,2025-12-18,Restaurant,403.53,Food,Expense
1447,2025-12-19,Swiggy,383.9,Food,Expense
1448,2025-12-19,Metro,53.67,Transport,Expense
1449,2025-12-19,Cafe,90.89,Food,Expense
1450,2025-12-19,Electricity Bill,891.22,Utilities,Expense
1451,2025-12-19,Netflix,649.0,Entertainment,Expense
1452,2025-12-20,Mobile Recharge,320.75,Utilities,Expense
1453,2025-12-20,Clothing Store,496.65,Shopping,Expense
1454,2025-12-20,Gaming,385.48,Entertainment,Expense
1455,2025-12-20,Zomato,235.3,Food,Expense
1456,2025-12-20,Swiggy,355.09,Food,Expense
1457,2025-12-21,Restaurant,383.54,Food,Expense
1458,2025-12-21,Electricity Bill,1236.71,Utilities,Expense
1459,2025-12-21,Spotify,153.71,Entertainment,Expense
1460,2025-12-21,Amazon,1152.37,Shopping,Expense
1461,2025-12-21,Restaurant,509.34,Food,Expense
1462,2025-12-21,Restaurant,488.9,Food,Expense
1463,2025-12-22,Uber,249.77,Transport,Expense
1464,2025-12-23,Auto,149.48,Transport,Expense
1465,2025-12-23,Movie,380.02,Entertainment,Expense
1466,2025-12-23,Uber,242.59,Transport,Expense
1467,2025-12-23,Zomato,116.1,Food,Expense
1468,2025-12-23,Internet Bill,500.58,Utilities,Expense
1469,2025-12-24,Doctor Consultation,711.14,Healthcare,Expense
1470,2025-12-24,Zomato,424.27,Food,Expense
1471,2025-12-24,Uber,193.78,Transport,Expense
1472,2025-12-24,Flipkart,334.83,Shopping,Expense
1473,2025-12-25,Grocery Store,650.34,Food,Expense
1474,2025-12-25,Zomato,378.49,Food,Expense
1475,2025-12-25,Zomato,335.77,Food,Expense
1476,2025-12-25,Fuel,517.27,Transport,Expense
1477,2025-12-26,Metro,60.7,Transport,Expense
1478,2025-12-26,Pharmacy,250.12,Healthcare,Expense
1479,2025-12-26,Fuel,763.2,Transport,Expense
1480,2025-12-26,Flipkart,416.98,Shopping,Expense
1481,2025-12-26,Zomato,279.05,Food,Expense
1482,2025-12-27,Ola,167.81,Transport,Expense
1483,2025-12-27,Doctor Consultation,895.53,Healthcare,Expense
1484,2025-12-27,Uber,90.2,Transport,Expense
1485,2025-12-27,Metro,76.95,Transport,Expense
1486,2025-12-27,Grocery Store,1567.99,Food,Expense
1487,2025-12-28,Swiggy,370.57,Food,Expense
1488,2025-12-28,Netflix,649.0,Entertainment,Expense
1489,2025-12-28,Cafe,82.11,Food,Expense
1490,2025-12-28,Grocery Store,775.56,Food,Expense
1491,2025-12-29,Swiggy,399.25,Food,Expense
1492,2025-12-29,Swiggy,296.31,Food,Expense
1493,2025-12-30,Metro,23.64,Transport,Expense
1494,2025-12-30,Fuel,871.02,Transport,Expense
1495,2025-12-30,Zomato,157.34,Food,Expense
1496,2025-12-31,Fuel,416.19,Transport,Expense
1497,2025-12-31,Fuel,926.84,Transport,Expense
1498,2025-12-31,Auto,80.03,Transport,Expense
1499,2025-12-31,Grocery Store,706.87,Food,Expense
1500,2025-12-31,Cafe,321.63,Food,Expense
